﻿<?xml version='1.0'?>
<package author="Administrator (admin)" buildDate="2023-12-14 16:13:18.898Z" buildNumber="9368"
         buildVersion="6.7">
  <entities schema="nms:webApp">
    <webApp appState="5" defaultLanguage="en" designLanguage="en" idCounter="1" internalName="unsubNoClick"
            label="Unsubscribe recipients no-click" modelName="newWebApp" nature="unsubscription"
            schema="nms:recipient">
      <properties renderingEngine="1" windowTitle="Unsubscription"/>
      <parameters>
        <param name="_service">
          <storage mode="var">
            <variable xpath="service"/>
          </storage>
        </param>
      </parameters>
      <variables>
        <variable label="Service name" xpath="service"/>
      </variables>
      <errorPage>
        <endPage>
          <source>&lt;table style="color: red;"&gt;
&lt;tr&gt;
&lt;td style="vertical-align: middle; padding-left: 0.5em;"&gt;&lt;img src="/xtk/img/error.png"/&gt;&lt;/td&gt;
&lt;td style="vertical-align: middle; padding: 1em;"&gt;
&lt;p&gt;&lt;%= $(line1) %&gt;&lt;/p&gt;
&lt;p&gt;&lt;%= $(line2) %&gt;&lt;/p&gt;
&lt;/td&gt;
&lt;/tr&gt;
&lt;/table&gt;</source>
          <strings>
            <string id="line2" value="If this problem persists, please contact your Adobe Campaign administrator."/>
            <string id="line1" value="An error occurred."/>
          </strings>
        </endPage>
      </errorPage>
      <activities>
        <script label="Script" name="script" x="240" y="16">
          <transitions>
            <next name="next" target="end"/>
          </transitions>
          <code>if (NL.isEmpty(ctx.@secret))
  logError("invalid secret...");
var secret = decryptString(ctx.@secret);
if (NL.isEmpty(secret))
  logError("invalid secret...");
this.secret = JSON.parse(secret);
if (NL.isEmpty(this.secret))
  logError("invalid secret...");

if (this.secret.method     != ctx.@_method        ||
    this.secret.identifier != ctx.@_identifier    ||
    this.secret.key        != ctx.recipient.@_key  ) {
  logError("invalid secret...");
}

if( String(ctx.recipient.@id) != decryptString(this.secret.identifier) )
  logError("The webApp inputs are corrupted.");

// remove descenants @_key to protecte against sql injection
var descendantNode = ctx.recipient.descendants();
for (var i = 0; i &lt; descendantNode.length(); i++) {
  delete descendantNode[i].@_key;
  delete descendantNode[i].@_operation;
}

nms.subscription.Unsubscribe(ctx.vars.service, ctx.recipient)</code>
        </script>
        <prefill additionnalData="false" label="Preloading" name="prefill" x="24"
                 y="16">
          <transitions>
            <next name="next" target="script"/>
          </transitions>
        </prefill>
        <end label="Unsubscription" name="end" x="448" y="16">
          <endPage>
            <source>&lt;!DOCTYPE html&gt;
&lt;html&gt;
&lt;head&gt;
&lt;/head&gt;
&lt;body&gt;
&lt;p&gt;&lt;%== $(text) %&gt;&lt;/p&gt;
&lt;/body&gt;
&lt;/html&gt;</source>
            <strings>
              <string id="text" value="Your request has been registered. You will no longer receive emails from us. &lt;br&gt;&lt;br&gt;Best regards&lt;br&gt;&lt;br&gt;The marketing team"/>
            </strings>
          </endPage>
        </end>
      </activities>
      <defaultDictionary _operation="none" name="xtkUserDictionary"/>
      <operator _operation="none" name="webapp" type="0"/>
      <folder _operation="none" name="nmsWebApp"/>
      <rendering _operation="none" internalName="unsub"/>
      <strings context="webApp" locale="en" md5="b68e0ba11b0c9b86d8148c4b224b5c5b"
               sourceId="closedFormLog" status="3" text="This form is currently closed.">
        <folder _operation="none" name="xtkUserDictionary"/>
        <webApp _operation="none" internalName="unsubNoClick"/>
      </strings>
      <strings context="webApp" locale="en" sourceId="desc" status="3">
        <folder _operation="none" name="xtkUserDictionary"/>
        <webApp _operation="none" internalName="unsubNoClick"/>
      </strings>
      <strings context="webApp" locale="en" sourceId="end.endPage.@externalUrl" status="3">
        <folder _operation="none" name="xtkUserDictionary"/>
        <webApp _operation="none" internalName="unsubNoClick"/>
      </strings>
      <strings context="webApp" locale="en" md5="6440b2088a7b9cdb5f38fa71bf8e5116"
               sourceId="end.endPage.strings.text.@value" status="3" text="Your request has been registered. You will no longer receive emails from us. &lt;br&gt;&lt;br&gt;Best regards&lt;br&gt;&lt;br&gt;The marketing team">
        <folder _operation="none" name="xtkUserDictionary"/>
        <webApp _operation="none" internalName="unsubNoClick"/>
      </strings>
      <strings context="webApp" locale="en" md5="4551ffc5f55de732e0512bec68dfffde"
               sourceId="end.@label" status="3" text="Unsubscription">
        <folder _operation="none" name="xtkUserDictionary"/>
        <webApp _operation="none" internalName="unsubNoClick"/>
      </strings>
      <strings context="webApp" locale="en" sourceId="errorPage.endPage.@externalUrl"
               status="3">
        <folder _operation="none" name="xtkUserDictionary"/>
        <webApp _operation="none" internalName="unsubNoClick"/>
      </strings>
      <strings context="webApp" locale="en" md5="8711dbcb9166dca544544b027d7edb83"
               sourceId="errorPage.endPage.strings.line1.@value" status="3" text="An error occurred.">
        <folder _operation="none" name="xtkUserDictionary"/>
        <webApp _operation="none" internalName="unsubNoClick"/>
      </strings>
      <strings context="webApp" locale="en" md5="312cc7a85512016d5b9266f1df4f417d"
               sourceId="errorPage.endPage.strings.line2.@value" status="3" text="If this problem persists, please contact your Adobe Campaign administrator.">
        <folder _operation="none" name="xtkUserDictionary"/>
        <webApp _operation="none" internalName="unsubNoClick"/>
      </strings>
      <strings context="webApp" locale="en" md5="902b0d55fddef6f8d651fe1035b7d4bd"
               sourceId="errorPage.@label" status="3" text="Error">
        <folder _operation="none" name="xtkUserDictionary"/>
        <webApp _operation="none" internalName="unsubNoClick"/>
      </strings>
      <strings context="webApp" locale="en" md5="0189772fb0418cda27ac3d22b038f310"
               sourceId="html0.strings.text.@value" text="Approve if you no longer wish to be contacted by us.">
        <folder _operation="none" name="xtkUserDictionary"/>
        <webApp _operation="none" internalName="unsubNoClick"/>
      </strings>
      <strings context="webApp" locale="en" md5="4551ffc5f55de732e0512bec68dfffde"
               sourceId="page.@label" text="Unsubscription">
        <folder _operation="none" name="xtkUserDictionary"/>
        <webApp _operation="none" internalName="unsubNoClick"/>
      </strings>
      <strings context="webApp" locale="en" md5="10ac3d04253ef7e1ddc73e6091c0cd55"
               sourceId="page.transitions.next.@label" text="Next">
        <folder _operation="none" name="xtkUserDictionary"/>
        <webApp _operation="none" internalName="unsubNoClick"/>
      </strings>
      <strings context="webApp" locale="en" sourceId="parameters._service.@label"
               status="3">
        <folder _operation="none" name="xtkUserDictionary"/>
        <webApp _operation="none" internalName="unsubNoClick"/>
      </strings>
      <strings context="webApp" locale="en" md5="4551ffc5f55de732e0512bec68dfffde"
               sourceId="properties.@windowTitle" status="3" text="Unsubscription">
        <folder _operation="none" name="xtkUserDictionary"/>
        <webApp _operation="none" internalName="unsubNoClick"/>
      </strings>
    </webApp>
  </entities>
</package>
